token,mean_grad_norm,median_grad_norm,count
chefs,0.046147868037223816,0.046147868037223816,2
works,0.03205866692587733,0.03205866692587733,2
outdoors,0.0312606580555439,0.017297226935625076,3
work,0.027453918009996414,0.027453918009996414,2
selling,0.025881096720695496,0.025881096720695496,2
kid,0.024867503593365353,0.016848862171173096,3
toy,0.024599675089120865,0.024599675089120865,2
dog,0.024478606258829434,0.02027919888496399,3
outside,0.021081285007918876,0.015204560942947865,9
swimming,0.01977746991906315,0.01977746991906315,2
working,0.01972886431030929,0.017576564103364944,4
enjoying,0.019185119308531284,0.019185119308531284,2
ing,0.018857363844290376,0.018857363844290376,2
three,0.018663920811377466,0.011924959253519773,4
asian,0.01786382356658578,0.01786382356658578,2
dogs,0.016686000550786655,0.014876052737236023,3
bunch,0.01570804324001074,0.01570804324001074,2
equipment,0.01559303980320692,0.01559303980320692,2
shirt,0.014966999335835377,0.013874036259949207,3
playing,0.014873645837522216,0.007971160113811493,9
holding,0.014740888960659504,0.011545808985829353,3
people,0.014595959187400613,0.009994368068873882,11
sitting,0.014519981853663922,0.01265243161469698,5
children,0.013594999831790725,0.005484771449118853,3
men,0.013147546676918864,0.013020023703575134,6
