patch_row,patch_col,mean_saliency
1,13,0.004297543782740831
1,12,0.0018110900418832898
2,13,0.0017850232543423772
0,4,0.0015218036714941263
0,13,0.0012014128733426332
0,12,0.0011286628432571888
8,13,0.0009437291300855577
11,8,0.0009317572112195194
4,13,0.0008109758491627872
13,4,0.0008106066379696131
