attack_method,epsilon,accuracy,attack_success_rate
fgsm,0.00392156862745098,0.4399999976158142,0.5600000023841858
fgsm,0.01568627450980392,0.3100000023841858,0.6899999976158142
fgsm,0.03137254901960784,0.33000001311302185,0.6700000166893005
pgd,0.00392156862745098,0.05000000074505806,0.949999988079071
pgd,0.01568627450980392,0.0,1.0
pgd,0.03137254901960784,0.0,1.0
